country_year,country,year,electexec,electleg,electboth,v2xel_elecpres,v2xel_elecparl,"AFROBAR.Election Integrity (10=free/fair, 0=unfree/unfair)",PEI.Rating of electoral integrity (1-10),VDEM.elction_free_fair,"PEI.Electoral authorities index (0-100), imputed",VDEM.EMB_capacity_osp,"PEI.Voting results/reactions index (protests/disputes) (0-100), imputed",PEI.turnout,VDEM.turnout,VDEM.VAP_turnout,nelda17,nelda18,nelda11,nelda45,nelda46,nelda3,nelda4,nelda5,nelda29,nelda30,POLITY5.fragment,POLITY5.polity2,POLITY5.durable,POLITY5.parcomp,FH.fh_total,WB.GDP per capita (constant 2015 US$),WB.%pop living in urban,literacy_imputed,VDEM.yrs_education,Press Freedom Index,VDEM.elec_viol,VDEM.international_monitors_present
Algeria-2002,Algeria,2002,No,Yes,No,0,1,NA,NA,1.053,NA,2.752,NA,NA,46.17,45.08,1,0,1,0,NA,1,1,1,1,1,0,-3,7,3,11,3297.61281111413,61.501,69.8734970092773,6.62,33,3.614,0
Algeria-2004,Algeria,2004,Yes,No,No,1,0,NA,NA,1.37,NA,2.752,NA,NA,58.07,53.6,1,0,0,1,1,1,1,1,1,NA,0,2,0,3,11,3592.64530104949,63.061,69.8734970092773,6.79,40.33,3.62,1
Algeria-2007,Algeria,2007,No,Yes,No,0,1,NA,NA,1.694,NA,2.752,NA,NA,35.51,32.02,0,0,1,0,NA,1,1,1,0,NA,0,2,3,3,11,3828.14847629173,65.348,69.8734970092773,7.045,31.33,3.121,0
Algeria-2009,Algeria,2009,Yes,No,No,1,0,NA,NA,1.548,NA,2.752,NA,NA,74.56,65.86,0,0,1,1,0,1,1,1,1,1,0,2,5,3,11,3851.21377722335,66.826,69.8734970092773,7.215,47.33,2.767,1
Algeria-2012,Algeria,2012,No,Yes,No,0,1,NA,NA,1.737,NA,2.752,NA,NA,43.14,38.7,1,0,1,1,1,1,1,1,0,NA,0,2,8,3,11,4012.36150559795,68.915,69.8734970092773,7.3,36.54,2.77,1
Algeria-2014,Algeria,2014,NA,NA,NA,1,0,NA,3.75,1.593,35.15625,2.368,48.75,49.4,49.42,43.57,0,0,1,1,1,1,1,1,1,1,0,2,10,3,11,4112.07602394229,70.221,69.8734970092773,7.3,36.63,2.892,1
Algeria-2017,Algeria,2017,NA,NA,NA,0,1,NA,4.1666665,1.613,36.822918,2.255,49.244793,28,37.09,31.65,0,1,1,NA,NA,1,1,1,0,NA,0,2,13,3,11,4192.33769222334,72.052,69.8734970092773,7.3,42.83,2.903,1
Algeria-2019,Algeria,2019,NA,NA,NA,1,0,NA,NA,1.374,NA,0.867,NA,NA,39.88,34.86,NA,0,1,0,NA,1,1,1,1,1,NA,NA,NA,NA,11,4115.39553969777,73.189,69.8734970092773,7.3,45.75,2.015,0
Algeria-2021,Algeria,2021,NA,NA,NA,0,1,NA,NA,1.688,NA,1.546,NA,NA,23.03,19.53,NA,NA,NA,NA,NA,NA,NA,NA,NA,NA,NA,NA,NA,NA,NA,NA,NA,69.8734970092773,7.3,47.26,2.778,0
Angola-2008,Angola,2008,No,Yes,No,0,1,NA,NA,1.781,NA,1.413,NA,NA,87.36,92.42,1,0,1,1,1,1,1,1,0,NA,0,-2,11,4,11,4077.77684411643,58.282,NA,2.862,36.5,3.073,1
Angola-2012,Angola,2012,NA,NA,NA,0,1,NA,NA,1.808,34.659092,1.454,43.69318,62.8,62.75,71.58,0,1,1,1,0,1,1,1,NA,NA,0,-2,15,4,11,4167.12579657488,61.268,NA,2.98,37.8,3.181,1
Angola-2017,Angola,2017,NA,NA,NA,0,1,NA,4.25,1.873,40.104168,1.497,49.088543,76.1,71.59,53.07,0,0,1,1,0,1,1,1,1,1,0,-2,20,4,12,3790.7915654469102,64.839,NA,2.98,40.42,3.231,1
Benin-2001,Benin,2001,Yes,No,No,1,0,NA,NA,2.756,NA,2.044,NA,NA,87.74,86.3,0,0,1,1,1,1,1,1,0,NA,0,6,10,4,5,925.716073006309,38.65,28.7021102905273,2.386,6,3.201,1
Benin-2003,Benin,2003,No,Yes,No,0,1,NA,NA,2.68,NA,2.044,NA,NA,55.9,52.2,0,0,1,0,NA,1,1,1,0,NA,0,6,12,4,4,942.918587867681,39.536,28.7021102905273,2.498,5.5,3.551,0
Benin-2006,Benin,2006,Yes,No,No,1,0,NA,NA,3.327,NA,2.922,NA,NA,81.7,87.17,0,0,0,1,1,1,1,1,0,NA,0,7,15,4,4,952.831227239232,41.049,28.7021102905273,2.666,17,3.72,1
Benin-2007,Benin,2007,No,Yes,No,0,1,NA,NA,3.286,NA,2.9,NA,NA,58.69,61.83,1,0,1,1,1,1,1,1,0,NA,0,7,16,4,4,981.455745386847,41.558,28.7021102905273,2.722,15,3.547,1
Benin-2011,Benin,2011,No,No,No,1,1,6.707,NA,2.801,NA,2.9,NA,NA,84.82,68.39,0,0,0,1,1,1,1,1,1,1,0,7,20,4,4,989.767354468482,43.608,28.7021102905273,2.89,NA,3.56,1
Benin-2015,Benin,2015,NA,NA,NA,0,1,NA,7.75,3.426,87.5,3.478,79.6875,65.92,65.91,56.69,1,0,0,1,1,1,1,1,0,NA,0,7,24,4,4,1076.79669785585,45.695,28.7021102905273,2.89,28.97,3.358,1
Benin-2016,Benin,2016,NA,NA,NA,1,0,7.2038,8.714286,3.534,86.60714,3.517,75.08929,65.6,66.13,58.35,0,0,0,1,0,1,1,1,0,NA,0,7,25,4,4,1082.4512883575,46.229,28.7021102905273,2.89,NA,3.66,1
Benin-2019,Benin,2019,NA,NA,NA,0,1,NA,NA,1.253,NA,3.249,NA,NA,22.99,19.23,1,0,1,1,0,0,1,1,1,0,NA,NA,NA,NA,6,1201.56138386125,47.861,28.7021102905273,2.89,31.74,1.328,1
Benin-2021,Benin,2021,NA,NA,NA,1,0,NA,NA,1.736,NA,3.249,NA,NA,50.63,44.39,NA,NA,NA,NA,NA,NA,NA,NA,NA,NA,NA,NA,NA,NA,NA,NA,NA,28.7021102905273,2.89,38.18,1.099,1
Botswana-2004,Botswana,2004,No,Yes,No,0,1,NA,NA,3.685,NA,3.533,NA,NA,76.2,44,1,0,0,1,0,1,1,1,0,NA,0,8,38,4,4,4859.62896275333,55.488,NA,9.423,14,3.882,1
Botswana-2009,Botswana,2009,No,Yes,No,0,1,NA,NA,3.662,NA,3.435,NA,NA,76.71,62.2,0,1,0,1,1,1,1,1,0,NA,0,8,43,4,5,5286.57491795748,60.937,NA,9.811,17.5,3.908,1
Botswana-2014,Botswana,2014,NA,NA,NA,0,1,7.0472,7.6,3.562,74.645836,3.435,76.895836,84.8,84.75,55.09,1,0,0,1,1,1,1,1,0,NA,0,8,48,4,5,6895.57441329798,66.368,NA,9.889,22.91,3.586,1
Botswana-2019,Botswana,2019,NA,NA,NA,1,1,NA,NA,2.629,NA,3.389,NA,NA,83.14,53.24,0,0,0,1,0,1,1,1,0,NA,NA,NA,NA,NA,5,7027.04535665129,70.172,NA,9.889,25.09,3.851,1
Burkina Faso-2002,Burkina Faso,2002,No,Yes,No,0,1,NA,NA,2.36,NA,2.206,NA,NA,64.14,33.47,0,1,0,1,1,1,1,1,0,NA,0,0,1,4,8,462.265599178223,19.258,23.5221996307373,0.993,18,3.542,1
Burkina Faso-2005,Burkina Faso,2005,Yes,No,No,1,0,NA,NA,2.706,NA,2.206,NA,NA,57.66,36.4,0,0,0,1,1,1,1,1,0,NA,0,0,4,4,8,518.167867222496,21.537,23.5221996307373,1.156,16,3.605,1
Burkina Faso-2007,Burkina Faso,2007,NA,NA,NA,0,1,NA,NA,2.7,NA,2.206,NA,NA,56.43,37.93,1,0,0,0,NA,1,1,1,0,NA,0,0,6,4,8,539.820017460504,22.996,28.2936592102051,1.265,13,3.607,0
Burkina Faso-2010,Burkina Faso,2010,Yes,No,No,1,0,NA,NA,2.873,NA,2.206,NA,NA,54.82,23,1,0,0,1,0,1,1,1,0,NA,0,0,9,4,8,582.415734139013,24.633,28.2936592102051,1.428,NA,3.629,1
Burkina Faso-2012,Burkina Faso,2012,No,Yes,No,0,1,NA,NA,3.073,47.916668,2.233,39.583332,76,75.96,39.67,0,0,0,NA,NA,1,1,1,0,NA,0,0,11,4,8,622.519711182775,25.767,28.2936592102051,1.428,23.7,3.579,1
Burkina Faso-2015,Burkina Faso,2015,NA,NA,NA,1,1,NA,8.222222,3.447,82.43056,2.564,81.5625,NA,60,36.4,0,0,1,1,1,1,1,1,0,NA,0,6,0,4,7,653.32726813947,27.53,28.2936592102051,1.428,22.66,3.614,1
Burkina Faso-2020,Burkina Faso,2020,NA,NA,NA,1,1,NA,NA,3.343,NA,3.048,NA,NA,50.79,28.88,0,1,1,1,0,1,1,1,0,NA,NA,NA,NA,NA,8,731.522070723226,30.607,28.2936592102051,1.428,23.47,3.57,1
Burundi-2005,Burundi,2005,Yes,Yes,Yes,0,1,NA,NA,2.821,NA,2.992,NA,NA,77.23,70.39,1,0,0,1,0,1,1,1,0,NA,0,6,0,4,8,295.737164631454,9.375,NA,2.15,39.83,2.566,1
Burundi-2010,Burundi,2010,No,No,No,1,1,NA,NA,1.161,NA,2.905,NA,NA,76.98,58.69,0,0,1,1,1,1,1,0,1,1,0,6,5,4,10,313.311817914094,10.642,NA,2.331,NA,1.849,1
Burundi-2015,Burundi,2015,NA,NA,NA,1,1,NA,1.75,0.177,24.570312,2.751,32.5,74.3,74.32,55.53,0,1,1,1,1,1,1,1,0,NA,0,-1,0,3,13,305.549652502657,12.078,NA,2.331,54.1,0.089,1
Burundi-2020,Burundi,2020,NA,NA,NA,1,1,NA,NA,0.463,NA,3.097,NA,NA,87.71,76.49,0,1,1,0,NA,1,1,1,1,1,NA,NA,NA,NA,13,270.691448734808,13.708,NA,2.331,55.33,1.211,0
Cameroon-2002,Cameroon,2002,No,Yes,No,0,1,NA,NA,1.183,NA,0.682,NA,NA,65.66,36.89,1,0,1,1,1,1,1,1,0,NA,0,-5,12,2,12,1143.98535454014,46.738,70.6799392700195,4.748,30.5,2.646,1
Cameroon-2004,Cameroon,2004,Yes,No,No,1,0,NA,NA,1.194,NA,0.884,NA,NA,79.52,45.28,1,0,1,1,1,1,1,1,0,NA,0,-5,14,2,12,1223.93422880138,47.94,70.6799392700195,4.836,20.5,2.407,1
Cameroon-2007,Cameroon,2007,No,Yes,No,0,1,NA,NA,1.138,NA,0.884,NA,NA,62.01,34.51,1,0,1,1,1,1,1,1,0,NA,0,-4,15,3,12,1248.66259859339,49.746,70.6799392700195,4.968,36.9,2.237,1
Cameroon-2011,Cameroon,2011,Yes,No,No,1,0,3.88686,NA,1.431,NA,1.323,NA,NA,68.28,50.25,1,0,1,1,1,1,1,1,0,NA,0,-4,19,3,12,1255.4772399485,52.164,77.0710372924805,5.1,NA,2.602,1
Cameroon-2013,Cameroon,2013,NA,NA,NA,0,1,NA,6,1.899,62.5,1.323,51.614582,76.8,76.79,37.55,1,0,0,1,1,1,1,1,0,NA,0,-4,21,3,12,1306.02747811535,53.373,77.0710372924805,5.1,38.13,2.835,1
Cameroon-2018,Cameroon,2018,NA,NA,NA,1,0,NA,3.2222223,0.942,38.194443,1.031,29.618055,NA,53.5,29.06,1,0,1,1,0,1,1,1,1,1,1,-4,26,3,12,1437.27153388392,56.374,77.0710372924805,5.1,40.92,1.107,1
Cameroon-2020,Cameroon,2020,NA,NA,NA,0,1,NA,NA,1.102,NA,1.031,NA,NA,43.79,23.24,NA,NA,1,1,0,1,1,1,0,NA,NA,NA,NA,NA,12,1419.67671120992,57.56,77.0710372924805,5.1,43.28,1.071,1
Cape Verde-2001,Cape Verde,2001,NA,NA,NA,1,1,NA,NA,3.687,NA,2.875,NA,NA,58.94,71.69,0,1,0,0,NA,1,1,1,0,NA,0,10,10,5,NA,NA,NA,NA,NA,NA,3.905,0
Cape Verde-2006,Cape Verde,2006,NA,NA,NA,1,1,NA,NA,3.75,NA,2.875,NA,NA,54.18,79.98,1,0,0,1,0,1,1,1,0,NA,0,10,15,5,NA,NA,NA,NA,NA,NA,3.866,0
Cape Verde-2011,Cape Verde,2011,NA,NA,NA,1,1,NA,NA,3.761,NA,3.101,NA,NA,76.01,86.18,0,0,0,1,1,1,1,1,0,NA,0,10,20,5,NA,NA,NA,NA,NA,NA,3.863,1
Cape Verde-2016,Cape Verde,2016,NA,NA,NA,1,1,NA,8.625,3.873,78.90625,3.109,77.34375,65.65,65.93,64.47,1,0,0,1,0,1,1,1,0,NA,0,10,25,5,NA,NA,NA,NA,NA,NA,3.903,1
Cape Verde-2021,Cape Verde,2021,NA,NA,NA,1,1,NA,NA,3.693,NA,2.774,NA,NA,57.46,56.98,NA,NA,NA,NA,NA,NA,NA,NA,NA,NA,NA,NA,NA,NA,NA,NA,NA,NA,NA,NA,3.902,1
Central African Republic-2005,Central African Republic,2005,No,No,No,1,1,NA,NA,2.067,NA,0.757,NA,NA,72.7,45.14,0,1,0,1,1,1,1,1,0,NA,0,-1,2,3,9,454.507405681342,38.069,NA,2.888,14.5,1.916,1
Central African Republic-2011,Central African Republic,2011,No,No,No,1,1,NA,NA,1.466,NA,0.757,NA,NA,61.2,55.71,0,0,1,1,1,1,1,1,0,NA,0,-1,8,3,10,550.019895518698,39.135,NA,3.058,NA,1.917,1
Central African Republic-2015,Central African Republic,2015,NA,NA,NA,1,1,NA,NA,2.613,NA,1.147,NA,NA,62.54,48.22,1,0,1,1,NA,1,1,1,0,NA,2,0,0,NA,14,377.422917680195,40.277,NA,3.058,33.6,1.938,1
Central African Republic-2016,Central African Republic,2016,NA,NA,NA,1,1,NA,7,2.79,55.078125,1.147,68.75,56.7,59.01,57.49,1,0,1,1,NA,1,1,1,0,NA,2,6,0,3,14,391.473534551141,40.618,NA,3.058,NA,1.938,1
Central African Republic-2020,Central African Republic,2020,NA,NA,NA,1,1,NA,NA,1.264,NA,1.147,NA,NA,76.31,21.48,0,1,1,1,0,1,1,1,1,1,NA,NA,NA,NA,14,414.396619069378,42.198,NA,3.058,42.87,0.075,1
Central African Republic-2021,Central African Republic,2021,NA,NA,NA,1,1,NA,NA,1.264,NA,1.408,NA,NA,66,NA,NA,NA,NA,NA,NA,NA,NA,NA,NA,NA,NA,NA,NA,NA,NA,NA,NA,NA,3.058,41.92,0.881,1
Chad-2001,Chad,2001,Yes,No,No,1,0,NA,NA,1.029,NA,1.52,NA,NA,61.12,70.01,1,0,0,1,1,1,1,1,0,NA,0,-1,5,3,11,403.129702668452,21.67,22.3115501403809,4.414,28.8,2.136,1
Chad-2002,Chad,2002,No,Yes,No,0,1,NA,NA,1.029,NA,1.52,NA,NA,52.4,59.61,1,0,0,1,0,1,1,1,0,NA,0,-1,6,3,11,420.815937071809,21.702,22.3115501403809,4.618,24,2.136,1
Chad-2006,Chad,2006,Yes,No,No,1,0,NA,NA,1.021,NA,1.52,NA,NA,53.08,71.4,1,0,1,1,0,1,1,1,0,NA,0,-2,14,3,12,657.084735947388,21.834,22.3115501403809,5.433,36.5,2.304,1
Chad-2011,Chad,2011,No,No,No,1,1,NA,NA,1.345,NA,1.52,NA,NA,56.6,57.92,0,0,1,1,1,1,1,1,0,NA,0,-2,19,3,13,700.662705270942,22.054,22.3115501403809,6.249,NA,2.419,1
Chad-2016,Chad,2016,NA,NA,NA,1,0,NA,2.3333333,0.482,32.708332,0.986,35.416668,76.1,65.95,70.98,0,1,1,1,1,1,1,1,1,1,0,-2,24,3,13,704.960071760413,22.677,22.3115501403809,6.249,NA,1.466,1
Chad-2021,Chad,2021,NA,NA,NA,1,0,NA,NA,0.581,NA,1.836,NA,NA,63.37,57.79,NA,NA,NA,NA,NA,NA,NA,NA,NA,NA,NA,NA,NA,NA,NA,NA,NA,22.3115501403809,6.249,40.2,1.427,1
Comoros-2002,Comoros,2002,Yes,No,No,1,0,NA,NA,2.828,NA,1.156,NA,NA,76.28,37.99,0,0,1,1,1,1,1,0,1,1,2,4,0,4,9,1186.4510536465,27.992,NA,NA,18.5,2.888,1
Comoros-2004,Comoros,2004,No,Yes,No,0,1,NA,NA,2.7,NA,1.142,NA,NA,NA,NA,0,0,0,1,1,1,1,1,0,NA,2,6,0,4,8,1177.29923901797,27.903,NA,NA,22,2.912,1
Comoros-2006,Comoros,2006,Yes,No,No,1,0,NA,NA,2.856,NA,1.454,NA,NA,57.26,52.14,0,0,0,1,1,1,1,1,0,NA,0,9,0,4,7,1184.82932671086,27.863,NA,NA,28,3.573,1
Comoros-2009,Comoros,2009,No,Yes,No,0,1,NA,NA,2.463,NA,1.452,NA,NA,NA,NA,0,0,1,0,NA,1,0,1,0,NA,0,9,3,4,7,1192.67843428353,27.921,NA,NA,19,3.564,0
Comoros-2010,Comoros,2010,NA,NA,NA,1,0,NA,NA,2.488,NA,1.452,NA,NA,67.11,56.13,0,0,1,1,0,1,0,1,0,NA,0,9,4,4,7,1208.48076292287,27.973,NA,NA,NA,3.508,1
Comoros-2015,Comoros,2015,NA,NA,NA,0,1,NA,6.2,1.256,61.25,1.814,58.8125,71.35,71.35,49.41,0,0,0,1,1,1,1,1,0,NA,0,9,9,4,7,1242.58560784999,28.47,NA,NA,24.33,2.989,0
Comoros-2016,Comoros,2016,NA,NA,NA,1,0,NA,4.5,1.543,31.25,1.814,31.25,63.9,74.42,48.3,0,0,1,1,1,1,1,1,1,1,0,9,10,4,7,1254.54003983978,28.619,NA,NA,NA,2.989,1
Comoros-2019,Comoros,2019,NA,NA,NA,1,0,NA,NA,0.479,NA,1.392,NA,NA,53.84,36.14,0,0,1,1,0,1,1,1,1,1,NA,NA,NA,NA,8,1284.28651891376,29.164,NA,NA,27.91,2.242,1
Comoros-2020,Comoros,2020,NA,NA,NA,0,1,NA,NA,0.479,NA,1.392,NA,NA,62.8,41.27,NA,NA,1,0,NA,1,1,1,0,NA,NA,NA,NA,NA,9,1255.04394784079,29.38,NA,NA,29.77,1.37,1
Cote d'Ivoire-2000,Cote d'Ivoire,2000,Yes,Yes,Yes,NA,NA,NA,NA,NA,NA,NA,NA,NA,NA,NA,1,0,1,0,0,1,1,1,1,1,NA,NA,NA,NA,11,1847.86996963696,43.155,48.7407608032227,NA,NA,NA,NA
Cote d'Ivoire-2001,Cote d'Ivoire,2001,NA,NA,NA,0,1,NA,NA,1.765,NA,1.962,NA,NA,NA,NA,1,0,1,0,0,1,1,1,0,NA,NA,NA,NA,NA,9,1765.32806149226,43.568,48.7407608032227,3.276,19,1.084,0
Cote d'Ivoire-2010,Cote d'Ivoire,2010,NA,NA,NA,1,0,NA,NA,2.189,NA,2.131,NA,NA,83.73,55.61,0,0,0,1,1,1,1,1,0,NA,NA,NA,NA,NA,13,1687.21651908941,47.33,48.7407608032227,3.78,NA,0.318,1
Cote d'Ivoire-2011,Cote d'Ivoire,2011,NA,NA,NA,0,1,NA,NA,2.198,NA,2.381,NA,NA,36.56,18.16,0,0,1,1,1,1,1,1,0,NA,NA,NA,NA,NA,12,1558.96869731226,47.751,48.7407608032227,3.78,NA,0.361,1
Cote d'Ivoire-2015,Cote d'Ivoire,2015,NA,NA,NA,1,0,NA,NA,2.886,NA,3.058,NA,NA,52.86,25.88,1,0,1,1,0,1,1,1,0,NA,NA,NA,NA,NA,8,1972.54568305836,49.444,48.7407608032227,3.78,30.17,2.588,1
Cote d'Ivoire-2016,Cote d'Ivoire,2016,NA,NA,NA,0,1,NA,NA,2.886,NA,3.058,NA,NA,34.1,16.15,1,0,1,0,NA,1,1,1,0,NA,NA,NA,NA,NA,8,2061.21524653499,49.881,48.7407608032227,3.78,NA,2.586,1
Cote d'Ivoire-2020,Cote d'Ivoire,2020,NA,NA,NA,1,0,NA,NA,1.192,NA,3.362,NA,NA,53.9,26.89,0,1,1,1,1,1,1,1,1,0,NA,NA,NA,NA,9,2313.79338827553,51.706,48.7407608032227,3.78,NA,0.853,1
Cote d'Ivoire-2021,Cote d'Ivoire,2021,NA,NA,NA,0,1,NA,NA,1.192,NA,3.362,NA,NA,NA,NA,NA,NA,NA,NA,NA,NA,NA,NA,NA,NA,NA,NA,NA,NA,NA,NA,NA,48.7407608032227,3.78,NA,1.106,NA
Democratic Republic of the Congo-2006,Democratic Republic of the Congo,2006,No,No,No,1,1,NA,NA,2.346,NA,0.954,NA,NA,70.54,61.57,NA,NA,NA,NA,NA,NA,NA,NA,NA,NA,NA,NA,NA,NA,NA,NA,NA,NA,3.546,NA,1.483,1
Democratic Republic of the Congo-2011,Democratic Republic of the Congo,2011,No,No,No,1,1,NA,NA,1.757,NA,0.848,NA,NA,59.05,55.56,NA,NA,NA,NA,NA,NA,NA,NA,NA,NA,NA,NA,NA,NA,NA,NA,NA,NA,3.592,NA,1.367,1
Democratic Republic of the Congo-2018,Democratic Republic of the Congo,2018,NA,NA,NA,1,1,NA,NA,1.652,NA,0.515,NA,NA,45.4,41.53,NA,NA,NA,NA,NA,NA,NA,NA,NA,NA,NA,NA,NA,NA,NA,NA,NA,NA,3.592,NA,1.253,1
Djibouti-2003,Djibouti,2003,No,Yes,No,0,1,NA,NA,1.223,NA,1.594,NA,NA,48.42,23.56,0,1,1,1,1,1,1,1,0,NA,0,1,4,3,10,NA,76.67,NA,NA,55,3.793,1
Djibouti-2005,Djibouti,2005,Yes,No,No,1,0,NA,NA,0.993,NA,1.594,NA,NA,78.9,54.08,1,1,1,1,1,1,1,0,1,0,0,2,6,3,10,NA,76.761,NA,NA,33,3.612,1
Djibouti-2008,Djibouti,2008,No,Yes,No,0,1,NA,NA,1.002,NA,1.594,NA,NA,72.61,27.72,0,0,1,1,0,1,1,1,0,NA,0,2,9,3,10,NA,76.899,NA,NA,31,3.619,1
Djibouti-2011,Djibouti,2011,Yes,No,No,1,0,NA,NA,1.207,NA,1.638,NA,NA,75.45,25.98,0,0,1,1,0,1,1,1,0,NA,0,2,12,3,11,NA,77.064,NA,NA,NA,3.636,1
Djibouti-2013,Djibouti,2013,NA,NA,NA,0,1,NA,2.2,1.487,20.1875,1.638,32.5,69.2,69.16,26.82,1,0,1,1,0,1,1,1,1,1,0,3,14,0,11,2386.2481879402,77.222,NA,NA,70.34,3.221,1
Djibouti-2016,Djibouti,2016,NA,NA,NA,1,0,NA,3.1666667,1.484,36.458332,1.849,46.458332,73.4,69.26,24.73,1,0,1,1,0,1,1,1,0,NA,0,3,17,0,11,2789.69381039298,77.528,NA,NA,NA,3.437,1
Djibouti-2018,Djibouti,2018,NA,NA,NA,0,1,NA,3.3333333,1.377,34.375,1.828,43.75,63.83,61.78,21.48,NA,0,1,1,0,1,1,1,0,NA,0,3,19,0,11,3088.5637801271,77.777,NA,NA,70.77,3.444,1
Djibouti-2021,Djibouti,2021,NA,NA,NA,1,0,NA,NA,1.38,NA,1.732,NA,NA,76.44,27.06,NA,NA,NA,NA,NA,NA,NA,NA,NA,NA,NA,NA,NA,NA,NA,NA,NA,NA,NA,78.62,3.468,1
Egypt-2000,Egypt,2000,No,Yes,No,NA,NA,NA,NA,NA,NA,NA,NA,NA,NA,NA,0,0,1,NA,NA,1,1,1,0,NA,0,-6,48,2,11,NA,NA,NA,NA,NA,NA,NA
Egypt-2001,Egypt,2001,No,Yes,No,NA,NA,NA,NA,NA,NA,NA,NA,NA,NA,NA,NA,NA,NA,NA,NA,NA,NA,NA,NA,NA,0,-6,49,2,12,NA,NA,NA,NA,NA,NA,NA
Egypt-2004,Egypt,2004,No,Yes,No,NA,NA,NA,NA,NA,NA,NA,NA,NA,NA,NA,NA,NA,NA,NA,NA,NA,NA,NA,NA,NA,0,-6,52,2,11,NA,NA,NA,NA,NA,NA,NA
Egypt-2005,Egypt,2005,Yes,Yes,Yes,1,1,NA,NA,0.742,NA,0.661,NA,NA,28.13,19.75,0,0,1,1,1,1,1,1,0,NA,0,-3,0,3,11,NA,NA,NA,7.275,NA,1.803,1
Egypt-2007,Egypt,2007,No,Yes,No,NA,NA,NA,NA,NA,NA,NA,NA,NA,NA,NA,1,0,1,0,NA,1,1,1,0,NA,0,-3,2,3,11,NA,NA,NA,NA,NA,NA,NA
Egypt-2010,Egypt,2010,No,Yes,No,0,1,NA,NA,0.353,NA,0.722,NA,NA,34.95,28.37,0,0,1,0,NA,1,1,1,0,NA,0,-3,5,3,11,NA,NA,NA,7.72,NA,1.63,0
Egypt-2011,Egypt,2011,No,Yes,No,0,1,NA,NA,0.582,NA,1.471,NA,NA,62.04,54.99,0,1,1,1,1,1,1,1,0,NA,0,-2,6,0,11,NA,NA,NA,7.72,NA,1.585,0
Egypt-2012,Egypt,2012,Yes,NA,No,1,0,NA,NA,2.809,NA,1.594,NA,NA,51.85,49.62,0,1,1,1,1,1,1,1,0,NA,0,-3,0,NA,10,NA,NA,NA,7.72,NA,1.504,1
Egypt-2014,Egypt,2014,NA,NA,NA,1,0,NA,4.8333335,1.581,40.572918,1.172,56.09375,47.4,48.5,47.14,1,0,1,1,1,1,1,1,1,1,0,-4,1,2,11,NA,NA,NA,7.72,NA,1.801,1
Egypt-2015,Egypt,2015,NA,NA,NA,0,1,NA,4.5,1.334,45.677082,1.172,57.447918,NA,28.27,27.46,0,0,0,1,1,1,1,1,0,NA,0,-4,2,2,11,NA,NA,NA,7.72,NA,1.837,1
Egypt-2018,Egypt,2018,NA,NA,NA,1,0,NA,2.5714285,0.245,32.5,1.253,58.526787,40.79,41.05,39.9,0,0,1,1,0,0,1,1,0,NA,0,-4,5,2,12,NA,NA,NA,7.72,NA,2.299,0
Egypt-2020,Egypt,2020,NA,NA,NA,0,1,NA,NA,0.676,NA,1.011,NA,NA,29.07,28.82,0,0,1,1,0,1,1,1,0,NA,NA,NA,NA,NA,12,NA,NA,NA,7.72,NA,2.819,1
Equatorial Guinea-2002,Equatorial Guinea,2002,Yes,No,No,1,0,NA,NA,0.866,NA,1.351,NA,NA,97.79,78.94,1,0,1,1,NA,1,1,1,0,NA,0,-6,33,2,13,8003.96177858715,52.573,NA,NA,44.75,3.159,1
Equatorial Guinea-2004,Equatorial Guinea,2004,No,Yes,No,0,1,NA,NA,0.881,NA,1.351,NA,NA,96.45,74.58,1,0,1,1,1,1,1,1,0,NA,0,-6,35,2,13,11558.6754236884,56.033,NA,NA,44,3.136,0
Equatorial Guinea-2008,Equatorial Guinea,2008,No,Yes,No,0,1,NA,NA,0.455,NA,1.351,NA,NA,NA,NA,1,0,1,1,1,1,1,1,0,NA,0,-6,39,2,14,16438.6414745572,62.745,NA,NA,65.5,2.444,0
Equatorial Guinea-2009,Equatorial Guinea,2009,Yes,No,No,1,0,NA,NA,0.454,NA,1.351,NA,NA,93.35,83.03,1,0,1,1,1,1,1,1,0,NA,0,-6,40,2,14,15906.4965908617,64.358,NA,NA,79,2.444,0
Equatorial Guinea-2013,Equatorial Guinea,2013,NA,NA,NA,0,1,NA,1.9,0.439,12.5,1.351,48.96875,NA,NA,NA,0,0,1,1,1,1,1,1,0,NA,0,-6,44,2,14,13421.5657576366,69.544,NA,NA,67.95,2.43,1
Equatorial Guinea-2016,Equatorial Guinea,2016,NA,NA,NA,1,0,NA,2,0.453,24.955357,1.351,56.919643,89.4,92.7,74.6,0,1,1,1,1,1,1,1,0,NA,0,-6,47,2,14,9894.00629387915,71.138,NA,NA,NA,2.416,1
Equatorial Guinea-2017,Equatorial Guinea,2017,NA,NA,NA,NA,NA,NA,1.8181819,NA,14.772727,NA,45.795456,84,NA,NA,0,1,1,1,0,1,1,1,0,NA,0,-6,48,2,14,8986.95103523832,71.646,NA,NA,66.47,NA,NA
Ethiopia-2000,Ethiopia,2000,No,Yes,No,NA,NA,NA,NA,NA,NA,NA,NA,NA,NA,NA,0,1,1,1,1,1,1,1,0,NA,0,1,5,3,10,262.025313364975,14.74,29.8203392028809,NA,NA,NA,NA
Ethiopia-2005,Ethiopia,2005,No,Yes,No,0,1,NA,NA,1.816,NA,1.348,NA,NA,82.6,66.19,1,1,0,1,1,1,1,1,1,1,0,-3,0,3,10,310.482649763526,15.7,29.8203392028809,NA,75,1.366,1
Ethiopia-2010,Ethiopia,2010,No,Yes,No,0,1,NA,NA,0.93,NA,1.269,NA,NA,93.44,71.17,1,0,1,1,1,1,1,1,0,NA,0,-3,5,3,12,453.29882929109,17.319,29.8203392028809,NA,NA,1.8,1
Ethiopia-2015,Ethiopia,2015,NA,NA,NA,0,1,NA,1.5882353,1.148,13.371711,1.837,41.085526,NA,93.22,70.09,1,0,1,1,NA,1,1,1,NA,NA,0,-3,10,3,13,640.541923075422,19.428,29.8203392028809,NA,45.13,2.439,1
Ethiopia-2021,Ethiopia,2021,NA,NA,NA,0,1,NA,NA,2.247,NA,2.96,NA,NA,93.64,63.37,NA,NA,NA,NA,NA,NA,NA,NA,NA,NA,NA,NA,NA,NA,NA,NA,NA,29.8203392028809,NA,33.63,1.923,1
Gabon-2001,Gabon,2001,No,Yes,No,0,1,NA,NA,1.702,NA,1.115,NA,NA,NA,NA,0,0,1,1,1,1,1,1,0,NA,0,-4,10,2,9,7866.61354514162,79.633,84.6671600341797,4.991,20.5,1.318,1
Gabon-2005,Gabon,2005,Yes,No,No,1,0,NA,NA,1.655,NA,1.115,NA,NA,63.47,42.98,1,0,0,1,1,1,1,1,1,1,0,-4,14,2,10,7504.25995868094,82.452,84.6671600341797,5.308,28.5,1.111,1
Gabon-2006,Gabon,2006,No,Yes,No,0,1,NA,NA,1.654,NA,1.115,NA,NA,NA,NA,1,0,0,1,1,1,1,1,1,1,0,-4,15,2,10,7091.72004198845,83.107,84.6671600341797,5.387,31.5,1.11,1
Gabon-2009,Gabon,2009,Yes,No,No,1,0,NA,NA,1.646,NA,1.115,NA,NA,44.29,40.01,0,1,1,1,0,1,1,1,1,1,0,3,0,3,11,6634.71867702502,84.955,84.6671600341797,5.625,28.75,1.114,1
Gabon-2011,Gabon,2011,No,Yes,No,0,1,NA,NA,1.567,NA,1.169,NA,NA,34.28,28.24,0,0,1,1,0,1,1,1,1,0,0,3,2,3,11,7086.38778211358,86.092,84.6671600341797,5.704,NA,1.095,1
Gabon-2016,Gabon,2016,NA,NA,NA,1,0,1.5454,2.8888888,2.005,18.75,1.029,20.76389,99.93,59.46,41.89,0,0,0,1,1,1,1,1,1,1,0,3,7,3,11,7313.13996521451,88.559,84.6671600341797,5.704,NA,0.719,1
Gabon-2018,Gabon,2018,NA,NA,NA,0,1,NA,2.5,1.829,17.1875,1.89,32.8125,NA,58.63,33.87,1,0,1,1,0,1,1,1,0,NA,0,3,9,3,12,7019.8275539348,89.37,84.6671600341797,5.704,32.37,2.159,1
Gambia-2001,Gambia,2001,Yes,No,No,1,0,NA,NA,1.704,NA,1.856,NA,NA,89.71,61.32,1,0,0,1,1,1,1,1,0,NA,0,-5,4,2,NA,NA,NA,NA,2.788,NA,2.561,1
Gambia-2002,Gambia,2002,No,Yes,No,0,1,NA,NA,2.29,NA,1.856,NA,NA,56.38,13.88,1,0,0,1,1,1,1,1,0,NA,0,-5,5,2,NA,NA,NA,NA,2.878,NA,2.73,1
Gambia-2006,Gambia,2006,Yes,No,No,1,0,NA,NA,1.486,NA,1.856,NA,NA,58.58,50.66,1,0,0,1,1,1,1,1,0,NA,0,-5,9,2,NA,NA,NA,NA,3.238,NA,2.316,1
Gambia-2007,Gambia,2007,No,Yes,No,0,1,NA,NA,1.504,NA,1.856,NA,NA,41.7,32.75,0,0,0,0,NA,1,1,1,0,NA,0,-5,10,2,NA,NA,NA,NA,3.328,NA,2.346,0
Gambia-2011,Gambia,2011,Yes,No,No,1,0,NA,NA,1.519,NA,1.856,NA,NA,82.55,73.53,0,0,1,1,0,1,1,1,0,NA,0,-5,14,2,NA,NA,NA,NA,3.598,NA,2.358,1
Gambia-2012,Gambia,2012,No,Yes,No,0,1,NA,NA,1.519,NA,1.856,NA,NA,19.44,16.83,1,0,1,1,0,1,1,1,0,NA,0,-5,15,2,NA,NA,NA,NA,3.598,NA,2.379,1
Gambia-2016,Gambia,2016,NA,NA,NA,1,0,7.24159,7.3333335,2.073,69.44444,2.205,42.256943,59.3,59.35,47.04,0,0,1,1,1,1,1,1,1,1,0,-5,19,2,NA,NA,NA,NA,3.598,NA,2.557,1
Gambia-2017,Gambia,2017,NA,NA,NA,0,1,NA,7.3333335,2.459,68.75,2.251,67.5,NA,42,32.33,0,0,0,1,1,1,1,1,1,1,0,4,0,0,NA,NA,NA,NA,3.598,NA,2.568,1
Gambia-2021,Gambia,2021,NA,NA,NA,1,0,NA,NA,3.766,NA,2.458,NA,NA,89.34,NA,NA,NA,NA,NA,NA,NA,NA,NA,NA,NA,NA,NA,NA,NA,NA,NA,NA,NA,3.598,NA,3.008,1
Ghana-2000,Ghana,2000,Yes,Yes,Yes,NA,NA,NA,NA,NA,NA,NA,NA,NA,NA,NA,0,0,0,1,NA,1,1,1,1,1,0,2,4,4,5,1040.63409900461,43.929,57.8974685668945,NA,NA,NA,NA
Ghana-2004,Ghana,2004,No,No,No,1,1,NA,NA,3.497,NA,3.395,NA,NA,85.12,79.98,0,0,0,1,1,1,1,1,0,NA,0,8,3,4,4,1138.65837035507,46.63,57.8974685668945,5.418,15,2.649,1
Ghana-2008,Ghana,2008,No,No,No,1,1,7.55617,NA,3.855,NA,3.395,NA,NA,72.91,69.84,0,1,1,1,1,1,1,1,0,NA,0,8,7,4,3,1319.17358896451,49.351,57.8974685668945,5.546,6,2.935,1
Ghana-2012,Ghana,2012,No,No,No,1,1,NA,NA,3.581,60.892857,3.444,45.669643,79.4,80.15,82.2,0,0,1,1,0,1,1,1,1,1,0,8,11,4,3,1686.06954432207,52.073,57.8974685668945,5.61,17.27,3.037,1
Ghana-2016,Ghana,2016,NA,NA,NA,1,1,8.03088,8.4,3.767,85,3.436,83.90625,67.6,67.55,70.88,0,1,1,1,1,1,1,1,0,NA,0,8,15,4,3,1793.1808558184,54.749,57.8974685668945,5.61,NA,3.018,1
Ghana-2020,Ghana,2020,NA,NA,NA,1,1,NA,NA,2.959,NA,3.198,NA,NA,78.89,81.07,0,0,0,1,1,1,1,1,0,NA,NA,NA,NA,NA,4,2018.62406742516,57.349,57.8974685668945,5.61,22.26,2.824,1
Guinea-2002,Guinea,2002,No,Yes,No,0,1,NA,NA,0.978,NA,0.389,NA,NA,71.98,77.47,0,1,1,0,0,1,1,1,0,NA,0,-1,7,3,11,657.221781178507,31.42,29.7040195465088,2.517,33.17,1.068,0
Guinea-2003,Guinea,2003,Yes,No,No,1,0,NA,NA,0.978,NA,0.857,NA,NA,82.76,97.38,0,1,1,0,0,1,1,1,0,NA,0,-1,8,3,11,652.730667697803,31.698,29.7040195465088,2.621,24.5,1.085,0
Guinea-2010,Guinea,2010,Yes,No,No,1,0,NA,NA,2.155,NA,1.095,NA,NA,67.87,54.94,0,1,1,1,1,1,1,1,1,1,0,1,0,3,10,689.256688654773,33.678,25.3077392578125,3.347,NA,1.215,1
Guinea-2013,Guinea,2013,NA,NA,NA,0,1,NA,5.5,2.117,34.375,1.459,54.6875,64.4,63.53,62.99,0,0,1,1,1,1,1,1,1,1,0,4,0,3,10,749.870076465839,34.545,25.3077392578125,3.347,31.67,1.456,1
Guinea-2015,Guinea,2015,NA,NA,NA,1,0,NA,4.75,2.106,45.390625,1.459,41.40625,68.4,68.36,68.03,0,1,1,1,1,1,1,1,1,1,0,4,2,3,10,769.255475432822,35.141,25.3077392578125,3.347,33.08,1.692,1
Guinea-2020,Guinea,2020,NA,NA,NA,1,1,NA,NA,1.737,NA,1.185,NA,NA,78.88,65.09,0,1,1,0,NA,1,1,1,1,1,NA,NA,NA,NA,10,984.008345016799,36.875,25.3077392578125,3.347,34.34,0.878,1
Guinea-Bissau-2000,Guinea-Bissau,2000,Yes,No,No,NA,NA,NA,NA,NA,NA,NA,NA,NA,NA,NA,0,1,0,1,1,1,1,1,0,NA,0,5,0,3,9,577.485664855301,36.243,41.3577690124512,NA,NA,NA,NA
Guinea-Bissau-2004,Guinea-Bissau,2004,No,NA,No,0,1,NA,NA,2.858,NA,0.706,NA,NA,74.34,65.21,0,1,0,1,1,1,1,1,0,NA,0,-1,1,3,8,552.284766541778,37.772,45.5811614990234,NA,17,3.416,1
Guinea-Bissau-2005,Guinea-Bissau,2005,Yes,No,No,1,0,NA,NA,2.824,NA,1.357,NA,NA,87.63,66.84,0,0,0,1,1,1,1,1,0,NA,0,6,0,3,7,562.384855924713,38.157,45.5811614990234,NA,14.5,3.245,1
Guinea-Bissau-2008,Guinea-Bissau,2008,No,Yes,No,0,1,NA,NA,3.137,NA,1.357,NA,NA,82,64.25,0,1,1,1,1,1,1,1,1,1,0,6,3,3,8,569.952835515209,39.325,45.5811614990234,NA,23.5,2.86,1
Guinea-Bissau-2009,Guinea-Bissau,2009,Yes,No,No,1,0,NA,NA,3.137,NA,1.357,NA,NA,61.09,44.83,0,1,1,1,1,1,1,1,0,NA,0,6,4,4,8,574.470804651114,39.716,45.5811614990234,NA,18.25,3.084,1
Guinea-Bissau-2012,Guinea-Bissau,2012,Yes,No,No,1,0,NA,NA,2.192,NA,0.979,NA,NA,55,NA,0,1,1,1,1,1,1,1,0,NA,0,1,0,3,11,590.266056354685,40.908,45.5811614990234,NA,28.94,2.999,1
Guinea-Bissau-2014,Guinea-Bissau,2014,NA,NA,NA,1,1,NA,6.875,2.886,59.570312,0.904,56.953125,78.2,89.3,79.71,0,1,1,1,1,1,1,1,0,NA,0,6,0,4,10,583.566126204989,41.715,45.5811614990234,NA,28.7,2.796,1
Guinea-Bissau-2019,Guinea-Bissau,2019,NA,NA,NA,1,1,NA,NA,2.866,NA,2.724,NA,NA,84.69,68.93,0,0,0,1,1,1,1,1,0,NA,NA,NA,NA,NA,9,650.069382434149,43.777,45.5811614990234,NA,30.95,2.76,1
Ivory Coast-2000,Ivory Coast,2000,Yes,Yes,Yes,NA,NA,NA,NA,NA,NA,NA,NA,NA,NA,NA,NA,NA,NA,NA,NA,NA,NA,NA,NA,NA,NA,NA,NA,NA,NA,NA,NA,NA,NA,NA,NA,NA
Ivory Coast-2001,Ivory Coast,2001,No,Yes,No,NA,NA,NA,NA,NA,NA,NA,NA,NA,NA,NA,NA,NA,NA,NA,NA,NA,NA,NA,NA,NA,NA,NA,NA,NA,NA,NA,NA,NA,NA,NA,NA,NA
Ivory Coast-2010,Ivory Coast,2010,Yes,No,No,NA,NA,NA,NA,NA,NA,NA,NA,NA,NA,NA,NA,NA,NA,NA,NA,NA,NA,NA,NA,NA,NA,NA,NA,NA,NA,NA,NA,NA,NA,NA,NA,NA
Ivory Coast-2011,Ivory Coast,2011,No,Yes,No,NA,NA,NA,NA,NA,NA,NA,NA,NA,NA,NA,NA,NA,NA,NA,NA,NA,NA,NA,NA,NA,NA,NA,NA,NA,NA,NA,NA,NA,NA,NA,NA,NA
Ivory Coast-2012,Ivory Coast,2012,No,Yes,No,NA,NA,NA,NA,NA,NA,NA,NA,NA,NA,NA,NA,NA,NA,NA,NA,NA,NA,NA,NA,NA,NA,NA,NA,NA,NA,NA,NA,NA,NA,NA,NA,NA
Ivory Coast-2015,Ivory Coast,2015,NA,NA,NA,NA,NA,NA,7.125,NA,64.33594,NA,70.97656,NA,NA,NA,NA,NA,NA,NA,NA,NA,NA,NA,NA,NA,0,4,4,3,NA,NA,NA,NA,NA,NA,NA,NA
Ivory Coast-2016,Ivory Coast,2016,NA,NA,NA,NA,NA,NA,7.090909,NA,63.49432,NA,60.767044,32.3,NA,NA,NA,NA,NA,NA,NA,NA,NA,NA,NA,NA,NA,NA,NA,NA,NA,NA,NA,NA,NA,NA,NA,NA
Kenya-2002,Kenya,2002,Yes,Yes,Yes,1,1,NA,NA,2.851,NA,1.729,NA,NA,57.18,38.51,0,0,1,1,1,1,1,1,0,NA,0,8,0,4,8,1132.48646104633,20.591,72.1570281982422,6.156,18.5,2.038,1
Kenya-2007,Kenya,2007,No,No,No,1,1,NA,NA,1.298,NA,1.729,NA,NA,69.09,54.49,0,0,0,1,1,1,1,1,1,1,0,7,5,3,7,1287.24979019727,22.42,72.1570281982422,6.346,21.25,0.06,1
Kenya-2013,Kenya,2013,NA,NA,NA,1,1,NA,4.428571,2.435,26.631945,1.857,54.86111,85.9,85.91,55.6,1,0,1,1,1,1,1,1,0,NA,0,9,11,4,8,1397.37865763256,24.794,72.1570281982422,6.46,30.7,2.141,1
Kenya-2017,Kenya,2017,NA,NA,NA,1,1,NA,4.3333335,1.942,40.651043,1.804,37.5,79.5,79.49,61.44,0,0,1,1,1,1,1,1,1,1,0,9,15,4,8,1510.58138508086,26.562,72.1570281982422,6.46,31.2,1.852,1
Lesotho-2002,Lesotho,2002,No,Yes,No,0,1,NA,NA,3.693,NA,2.794,NA,NA,66.69,49.61,0,0,0,1,1,1,1,1,0,NA,0,8,9,4,5,746.9263337465,20.597,NA,5.579,17.75,3.115,1
Lesotho-2007,Lesotho,2007,No,Yes,No,0,1,NA,NA,2.921,NA,2.794,NA,NA,49,38.63,0,0,0,1,1,1,1,1,1,1,0,8,5,3,5,911.628426714867,23.304,NA,6.21,29.5,2.703,1
Lesotho-2012,Lesotho,2012,No,Yes,No,0,1,NA,NA,3.151,NA,2.807,NA,NA,50.04,50.32,0,0,0,1,1,1,1,1,0,NA,0,8,10,4,5,1096.82845605457,25.704,NA,6.589,28.36,2.901,1
Lesotho-2015,Lesotho,2015,NA,NA,NA,0,1,NA,7.3,2.98,78.295456,3.237,76.53409,NA,46.61,49.77,NA,NA,NA,NA,NA,NA,NA,NA,NA,NA,0,8,13,4,6,1146.06468787308,26.908,NA,6.589,28.78,2.773,1
Lesotho-2017,Lesotho,2017,NA,NA,NA,0,1,NA,7.25,2.906,74.583336,3.237,69.609375,NA,46.37,48.07,NA,NA,NA,NA,NA,NA,NA,NA,NA,NA,0,8,15,4,6,1132.00926895142,27.73,NA,6.589,28.78,2.752,1
Liberia-2005,Liberia,2005,Yes,Yes,Yes,1,1,NA,NA,2.959,NA,2.111,NA,NA,76.49,70.6,0,0,0,1,1,1,1,1,0,NA,0,5,0,NA,8,553.567565392947,46.051,48.3013610839844,4.53,19,2.338,1
Liberia-2011,Liberia,2011,No,No,No,1,1,6.69627,NA,2.907,NA,2.84,NA,NA,71.64,67.39,0,0,0,1,1,1,1,1,1,1,0,6,5,4,7,679.71463834094,48.193,48.3013610839844,5.576,NA,2.322,1
Liberia-2014,Liberia,2014,NA,NA,NA,NA,NA,4.27617,NA,NA,NA,NA,NA,NA,NA,NA,0,0,0,0,NA,1,1,1,0,NA,0,6,8,4,7,740.375959137082,49.397,48.3013610839844,NA,30.78,NA,NA
Liberia-2017,Liberia,2017,NA,NA,NA,1,1,NA,7,2.88,66.666664,2.499,56.145832,55.8,75.19,70.79,1,0,0,1,1,1,1,1,0,NA,0,6,11,4,6,692.20304237615,50.697,48.3013610839844,5.576,31.12,2.607,1
Liberia-2020,Liberia,2020,NA,NA,NA,NA,NA,NA,NA,NA,NA,NA,NA,NA,NA,NA,0,1,1,1,1,1,1,1,0,NA,NA,NA,NA,NA,7,616.002692833527,52.089,48.3013610839844,NA,32.25,NA,NA
Libya-2012,Libya,2012,No,Yes,No,0,1,NA,NA,3.119,NA,2.934,NA,NA,61.58,48.72,0,0,1,1,1,1,1,1,1,0,3,0,0,NA,9,7401.48163524456,78.512,NA,8.074,37.86,2.702,1
Libya-2014,Libya,2014,NA,NA,NA,0,1,NA,NA,2.497,NA,2.136,NA,NA,49.7,15.64,0,NA,1,1,1,1,1,1,1,0,3,0,0,NA,12,4801.83073062451,79.009,NA,8.074,45.99,2.127,1
Madagascar-2001,Madagascar,2001,Yes,No,No,1,0,NA,NA,1.816,NA,1.606,NA,NA,66.85,56.42,0,0,0,0,NA,1,1,1,1,1,0,7,9,4,6,501.118462759593,27.391,76.6796798706055,3.779,22.8,2.072,1
Madagascar-2002,Madagascar,2002,No,Yes,No,0,1,NA,NA,1.849,NA,1.606,NA,NA,67.86,50.87,0,1,0,1,1,1,1,1,0,NA,0,7,10,4,7,425.739290517587,27.663,76.6796798706055,3.818,8.17,2.122,0
Madagascar-2006,Madagascar,2006,Yes,No,No,1,0,NA,NA,2.334,NA,1.606,NA,NA,61.93,50.85,1,0,0,1,1,1,1,1,0,NA,0,7,8,4,7,482.334888265444,29.425,76.6796798706055,3.974,20,3.592,1
Madagascar-2007,Madagascar,2007,No,Yes,No,0,1,NA,NA,2.334,NA,1.606,NA,NA,NA,NA,0,1,1,1,1,1,1,1,0,NA,0,7,9,4,7,495.363132797691,30.043,76.6796798706055,4.013,21,3.619,1
Madagascar-2013,Madagascar,2013,NA,NA,NA,1,1,NA,4.1875,2.113,49.316406,1.425,44.648438,50.8,61.76,42.12,0,0,1,0,NA,1,1,1,0,NA,0,3,0,4,9,462.707783869038,33.878,76.6796798706055,4.13,29.38,3.463,1
Madagascar-2018,Madagascar,2018,NA,NA,NA,1,0,NA,5,2.39,51.71875,1.648,37.65625,NA,53.9,38.73,1,0,0,1,1,1,1,1,0,NA,0,6,4,3,7,480.888892539933,37.191,76.6796798706055,4.13,26.2,3.221,1
Madagascar-2019,Madagascar,2019,NA,NA,NA,0,1,NA,NA,2.586,NA,1.535,NA,NA,40,28.83,NA,0,1,1,0,1,1,1,NA,NA,NA,NA,NA,NA,6,488.939550444238,37.861,76.6796798706055,4.13,27.76,3.119,1
Malawi-2004,Malawi,2004,No,No,No,1,1,NA,NA,1.637,NA,1.162,NA,NA,63.59,58.46,0,0,1,1,1,1,1,1,1,1,0,6,10,4,8,287.272153872265,14.964,65.1453704833984,4.316,22.75,1.737,1
Malawi-2009,Malawi,2009,No,No,No,1,1,NA,NA,3.046,NA,1.162,NA,NA,78.28,73.93,0,0,1,1,1,1,1,1,0,NA,0,6,15,3,7,345.634998576379,15.429,65.1453704833984,4.694,21,2.986,1
Malawi-2014,Malawi,2014,NA,NA,NA,1,1,6.55882,5.0666666,2.795,55,0.739,44.895832,70.7,70.75,64.66,0,1,1,1,1,1,1,1,1,1,0,6,20,3,7,380.588978300835,16.132,65.1453704833984,4.77,26.41,2.67,1
Malawi-2019,Malawi,2019,NA,NA,NA,1,1,NA,NA,1.911,NA,1.38,NA,NA,74.44,52.83,0,0,0,1,1,1,1,1,0,NA,NA,NA,NA,NA,6,401.392672064444,17.174,65.1453704833984,4.77,29.36,2.223,1
Malawi-2020,Malawi,2020,NA,NA,NA,1,0,NA,NA,2.932,NA,1.148,NA,NA,64.81,44.32,0,0,1,0,NA,1,1,1,0,NA,NA,NA,NA,NA,6,394.003162068529,17.427,65.1453704833984,4.77,29.32,2.249,0
Mali-2002,Mali,2002,Yes,Yes,Yes,1,1,NA,NA,2.82,NA,2.841,NA,NA,38.57,42.44,0,1,0,1,1,1,1,1,0,NA,0,5,10,4,5,640.797791206587,29.806,35.4737701416016,1.246,11,3.326,1
Mali-2007,Mali,2007,No,No,No,1,1,NA,NA,2.782,NA,2.635,NA,NA,36.24,41.2,0,1,0,1,1,1,1,1,1,1,0,7,15,4,5,697.348626952466,33.612,35.4737701416016,1.411,7.5,3.088,1
Mali-2013,Mali,2013,NA,NA,NA,1,1,NA,5.6363635,2.683,58.323864,2.124,66.704544,45.8,48.98,44.68,0,1,1,1,1,1,1,1,0,NA,0,5,0,4,9,700.697597211143,38.398,35.4737701416016,1.51,36.29,2.419,1
Mali-2018,Mali,2018,NA,NA,NA,1,0,NA,2.6666667,2.117,33.333332,1.888,41.875,NA,42.7,40.92,NA,1,1,1,1,1,1,1,1,1,0,5,5,4,8,802.033618195994,42.356,35.4737701416016,1.51,36.15,1.956,1
Mali-2020,Mali,2020,NA,NA,NA,0,1,NA,NA,2.537,NA,1.814,NA,NA,35.58,30.56,0,1,1,0,NA,1,1,1,0,NA,NA,NA,NA,NA,11,781.731454762373,43.909,30.7614097595215,1.51,34.12,1.994,1
Mauritania-2001,Mauritania,2001,No,Yes,No,0,1,NA,NA,1.538,NA,1.381,NA,NA,54.45,47.3,1,0,1,1,1,1,1,1,0,NA,0,-6,39,2,10,1251.60665113414,38.616,45.5037803649902,3.491,41.3,2.834,1
Mauritania-2003,Mauritania,2003,Yes,No,No,1,0,NA,NA,1.412,NA,1.381,NA,NA,60.86,51.34,1,0,1,0,0,1,1,1,0,NA,0,-6,41,2,11,1283.32436320575,40.351,45.5037803649902,3.712,51,2.891,0
Mauritania-2006,Mauritania,2006,No,Yes,No,0,1,NA,NA,2.497,NA,1.669,NA,NA,73.42,54.73,1,0,0,1,1,1,1,1,0,NA,0,-3,0,2,9,1585.35622389914,42.998,45.5037803649902,4.044,15.5,3.623,1
Mauritania-2007,Mauritania,2007,No,No,No,1,0,NA,NA,2.284,NA,1.669,NA,NA,70.16,53.55,0,1,0,1,1,1,1,1,0,NA,0,4,0,0,8,1510.16501575824,43.89,45.5037803649902,4.154,23.88,3.623,1
Mauritania-2009,Mauritania,2009,No,No,No,1,0,NA,NA,2.499,NA,1.669,NA,NA,61.51,49.67,0,1,1,1,0,1,1,1,0,NA,0,-2,0,0,11,1421.88249993696,45.686,62.0687484741211,4.375,25.38,3.362,1
Mauritania-2013,Mauritania,2013,NA,NA,NA,0,1,NA,4.5,1.884,56.25,1.729,45.9375,78.2,78.22,56.41,1,0,1,0,NA,1,1,1,1,1,0,-2,4,0,11,1470.15338476285,49.306,62.0687484741211,4.486,26.53,3.425,1
Mauritania-2014,Mauritania,2014,NA,NA,NA,1,0,NA,4.3333335,2.113,48.125,1.729,35.3125,56.5,56.46,40.32,0,0,1,1,0,1,1,1,1,1,0,-2,5,0,11,1488.77642201114,50.203,62.0687484741211,4.486,25.27,3.483,1
Mauritania-2018,Mauritania,2018,NA,NA,NA,0,1,NA,3,2.158,28.125,1.834,43.75,NA,72.46,48.34,1,0,1,1,0,1,1,1,NA,NA,0,-2,9,0,11,1575.3121704313,53.672,62.0687484741211,4.486,29.09,3.29,1
Mauritania-2019,Mauritania,2019,NA,NA,NA,1,0,NA,NA,2.238,NA,2.265,NA,NA,62.66,44.29,0,0,1,1,0,1,1,1,1,1,NA,NA,NA,NA,10,1620.99499563766,54.507,62.0687484741211,4.486,31.65,3.384,1
Mauritius-2000,Mauritius,2000,No,Yes,No,NA,NA,NA,NA,NA,NA,NA,NA,NA,NA,NA,1,0,0,1,0,1,1,1,0,NA,0,10,32,5,3,5533.97691894614,42.67,84.303092956543,NA,NA,NA,NA
Mauritius-2005,Mauritius,2005,No,Yes,No,0,1,NA,NA,3.837,NA,3.521,NA,NA,81.25,75.34,1,0,0,1,0,1,1,1,0,NA,0,10,37,5,2,6316.44296053055,42.112,92.4747619628906,7.53,8,3.64,1
Mauritius-2010,Mauritius,2010,No,Yes,No,0,1,NA,NA,3.551,NA,3.773,NA,NA,77.82,72.63,0,0,0,1,0,1,1,1,0,NA,0,10,42,5,3,7817.84111888619,41.555,92.4747619628906,7.828,NA,3.749,1
Mauritius-2014,Mauritius,2014,NA,NA,NA,0,1,7.6893,8.5,3.866,78.59375,3.773,77.53125,100,74.41,71.23,1,0,0,1,1,1,1,1,0,NA,0,10,46,5,3,8954.55747482616,41.111,92.4747619628906,7.828,27.69,3.776,1
Mauritius-2019,Mauritius,2019,NA,NA,NA,0,1,NA,NA,2.346,NA,2.879,NA,NA,77.01,69.45,1,0,0,1,0,1,1,1,0,NA,NA,NA,NA,NA,3,10643.7710785616,40.766,92.4747619628906,7.828,28.46,3.886,1
Morocco-2002,Morocco,2002,No,Yes,No,0,1,NA,NA,2.391,NA,2.705,NA,NA,51.61,39.98,1,0,0,0,NA,1,1,1,0,NA,0,-6,37,2,10,1905.07201479133,53.99,67.0841598510742,3.838,39.67,3.234,0
Morocco-2007,Morocco,2007,No,Yes,No,0,1,NA,NA,2.089,NA,2.845,NA,NA,37,27.83,0,0,0,1,1,1,1,1,0,NA,0,-6,42,2,9,2294.51405978261,56.317,67.0841598510742,4.183,32.25,3.074,1
Morocco-2011,Morocco,2011,No,Yes,No,0,1,3.31954,NA,2.215,NA,2.845,NA,NA,45.4,28.65,1,0,0,1,1,1,1,1,0,NA,0,-4,46,2,9,2631.45419171615,58.581,67.0841598510742,4.39,NA,3.052,1
Morocco-2016,Morocco,2016,NA,NA,NA,0,1,2.06772,6,2.419,56.40625,2.79,71.5625,43,43,29.2,0,0,0,1,1,1,1,1,0,NA,0,-4,51,2,9,2867.01576143127,61.36,67.0841598510742,4.39,NA,2.784,1
Morocco-2021,Morocco,2021,NA,NA,NA,0,1,NA,NA,2.142,NA,3.236,NA,NA,50.18,35.94,NA,NA,NA,NA,NA,NA,NA,NA,NA,NA,NA,NA,NA,NA,NA,NA,NA,67.0841598510742,4.39,43.94,2.945,1
Mozambique-2004,Mozambique,2004,No,No,No,1,1,NA,NA,2.611,NA,1.292,NA,NA,36.42,35.63,1,0,0,1,1,1,1,1,0,NA,0,5,10,4,7,370.340959204675,29.818,50.5838088989258,2.506,10.5,1.902,1
Mozambique-2009,Mozambique,2009,No,No,No,1,1,NA,NA,2.104,NA,1.242,NA,NA,44.63,42.68,1,0,0,1,1,1,1,1,0,NA,0,5,15,4,7,463.119488172972,31.328,50.5838088989258,2.651,26.5,2.184,1
Mozambique-2014,Mozambique,2014,NA,NA,NA,1,1,4.27085,3.875,2.141,32.890625,1.343,37.109375,46,48.84,44.87,0,0,1,1,1,1,1,1,1,1,0,5,20,4,7,568.591334304366,33.878,50.5838088989258,2.68,29.98,2.167,1
Mozambique-2019,Mozambique,2019,NA,NA,NA,1,1,NA,NA,1.997,NA,1.035,NA,NA,51.41,49.92,0,0,1,1,1,1,1,1,0,NA,NA,NA,NA,NA,9,598.813305872187,36.528,50.5838088989258,2.68,32.66,2.043,1
Namibia-2004,Namibia,2004,Yes,No,No,1,1,NA,NA,3.214,NA,2.732,NA,NA,85.47,80.85,0,0,0,1,0,1,1,1,0,NA,0,6,14,4,5,3647.40385809883,35.666,NA,5.986,5.5,2.706,1
Namibia-2009,Namibia,2009,No,No,No,1,1,NA,NA,3.098,NA,2.655,NA,NA,NA,67.62,0,0,0,0,1,1,1,1,0,NA,0,6,19,4,4,3982.22639402583,40.601,NA,6.103,7,2.668,1
Namibia-2014,Namibia,2014,NA,NA,NA,1,1,6.68094,6.714286,3.357,67.76786,2.981,79.33036,71.8,71.76,73.875,0,0,0,1,0,1,1,1,0,NA,0,6,24,4,4,4782.0319396591,45.826,NA,6.126,12.5,3.096,1
Namibia-2019,Namibia,2019,NA,NA,NA,1,1,NA,NA,2.493,NA,3.164,NA,NA,60.38,55.44,0,1,1,1,1,1,1,1,0,NA,NA,NA,NA,NA,4,4506.17392778272,51.042,NA,6.126,18.95,3.503,1
Niger-2004,Niger,2004,Yes,Yes,Yes,1,1,NA,NA,3.393,NA,3.141,NA,NA,48.25,46.7,0,1,1,1,1,1,1,1,0,NA,0,6,5,4,6,397.592403829674,16.247,NA,1.142,13,3.481,1
Niger-2009,Niger,2009,No,Yes,No,0,1,NA,NA,2.137,NA,3.141,NA,NA,51.27,48.33,0,0,1,0,NA,1,1,1,0,NA,0,-3,0,2,9,424.326789415881,16.225,NA,1.282,28.5,3.074,0
Niger-2011,Niger,2011,No,Yes,No,1,1,7.12518,NA,2.389,NA,3.317,NA,NA,50.4,46.44,0,0,0,1,1,1,1,1,0,NA,0,6,0,4,7,436.549667993363,16.216,NA,1.31,NA,3.408,1
Niger-2016,Niger,2016,NA,NA,NA,1,1,5.48249,6,2.156,65.78125,3.13,42.8125,59.79,66.27,61.25,0,0,1,1,1,1,1,1,0,NA,0,5,5,4,8,492.563968122591,16.29,NA,1.31,NA,3.242,1
Niger-2020,Niger,2020,NA,NA,NA,1,1,NA,NA,2.492,NA,3.144,NA,NA,69.67,53.91,0,1,1,1,0,1,1,1,0,NA,NA,NA,NA,NA,8,522.555583132809,16.626,NA,1.31,28.25,2.922,NA
Niger-2021,Niger,2021,NA,NA,NA,1,0,NA,NA,2.606,NA,2.711,NA,NA,62.91,48.68,NA,NA,NA,NA,NA,NA,NA,NA,NA,NA,NA,NA,NA,NA,NA,NA,NA,NA,1.31,28.44,2.527,1
Nigeria-2003,Nigeria,2003,Yes,Yes,Yes,1,1,NA,NA,1.287,NA,0.821,NA,NA,69.08,65.33,0,0,1,1,1,1,1,1,0,NA,0,4,4,0,8,1763.69397985795,37.356,54.7731781005859,4.137,37.75,1.59,1
Nigeria-2007,Nigeria,2007,No,No,No,1,1,NA,NA,1.164,NA,0.877,NA,NA,57.49,49.85,0,0,1,1,1,1,1,1,1,1,0,4,8,0,8,2089.77715420856,40.819,54.7731781005859,4.333,37.75,1.877,1
Nigeria-2011,Nigeria,2011,No,No,No,1,1,6.04093,NA,2.562,NA,1.047,NA,NA,53.68,48.32,1,0,0,1,1,1,1,1,0,NA,0,4,12,0,8,2464.3450444746,44.366,54.7731781005859,4.48,NA,1.539,1
Nigeria-2015,Nigeria,2015,NA,NA,NA,1,1,NA,6.3333335,2.746,70.486115,1.586,67.482635,42,43.7,32.1,0,0,1,1,1,1,1,1,0,NA,0,7,0,4,9,2687.48005643212,47.838,54.7731781005859,4.48,35.9,2.398,1
Nigeria-2019,Nigeria,2019,NA,NA,NA,1,1,NA,NA,2.528,NA,1.404,NA,NA,34.75,26.87,0,0,1,1,1,1,1,1,1,1,NA,NA,NA,NA,9,2502.652281009,51.157,54.7731781005859,4.48,36.5,2.04,1
Republic of the Congo-2002,Republic of the Congo,2002,NA,NA,NA,1,1,NA,NA,1.365,NA,1.697,NA,NA,74.7,86.59,NA,NA,NA,NA,NA,NA,NA,NA,NA,NA,NA,NA,NA,NA,NA,NA,NA,NA,5.714,NA,2.028,1
Republic of the Congo-2007,Republic of the Congo,2007,NA,NA,NA,0,1,NA,NA,1.354,NA,1.697,NA,NA,NA,NA,NA,NA,NA,NA,NA,NA,NA,NA,NA,NA,NA,NA,NA,NA,NA,NA,NA,NA,5.796,NA,1.686,1
Republic of the Congo-2009,Republic of the Congo,2009,NA,NA,NA,1,0,NA,NA,1.806,NA,1.697,NA,NA,66.4,72.56,NA,NA,NA,NA,NA,NA,NA,NA,NA,NA,NA,NA,NA,NA,NA,NA,NA,NA,5.829,NA,2,1
Republic of the Congo-2012,Republic of the Congo,2012,NA,NA,NA,0,1,NA,NA,1.234,NA,1.697,NA,NA,NA,NA,NA,NA,NA,NA,NA,NA,NA,NA,NA,NA,NA,NA,NA,NA,NA,NA,NA,NA,5.845,NA,1.43,1
Republic of the Congo-2016,Republic of the Congo,2016,NA,NA,NA,1,0,NA,NA,0.672,NA,2.053,NA,NA,67.58,55.84,NA,NA,NA,NA,NA,NA,NA,NA,NA,NA,NA,NA,NA,NA,NA,NA,NA,NA,5.845,NA,1.426,1
Republic of the Congo-2017,Republic of the Congo,2017,NA,NA,NA,0,1,NA,NA,0.92,NA,2.053,NA,NA,42.23,35.83,NA,NA,NA,NA,NA,NA,NA,NA,NA,NA,NA,NA,NA,NA,NA,NA,NA,NA,5.845,NA,1.346,1
Republic of the Congo-2021,Republic of the Congo,2021,NA,NA,NA,1,0,NA,NA,0.804,NA,2.053,NA,NA,67.17,62.37,NA,NA,NA,NA,NA,NA,NA,NA,NA,NA,NA,NA,NA,NA,NA,NA,NA,NA,5.845,NA,1.782,1
Rwanda-2003,Rwanda,2003,Yes,Yes,Yes,1,1,NA,NA,1.193,NA,2.893,NA,NA,96.5,89.92,0,1,1,1,1,1,1,1,0,NA,0,-3,9,2,11,401.359830794228,16.904,65.8522720336914,2.986,37.25,2.252,1
Rwanda-2008,Rwanda,2008,No,Yes,No,0,1,NA,NA,1.641,NA,2.998,NA,NA,98.5,93.6,1,0,0,1,1,0,1,1,0,NA,0,-3,14,2,11,553.83044070032,16.925,65.8522720336914,3.337,64.67,3.444,1
Rwanda-2010,Rwanda,2010,Yes,No,No,1,0,NA,NA,1.619,NA,3.192,NA,NA,97.51,89.17,1,0,1,1,1,0,1,1,1,0,0,-4,16,2,11,599.207426191632,16.934,65.8522720336914,3.478,NA,3.311,1
Rwanda-2013,Rwanda,2013,NA,NA,NA,0,1,NA,6.714286,1.453,65.17857,3.192,77.27679,98.8,98.8,99.38,1,0,1,1,0,1,1,1,0,NA,0,-3,19,2,11,683.401662015589,16.947,73.2155914306641,3.478,56.57,3.59,1
Rwanda-2017,Rwanda,2017,NA,NA,NA,1,0,NA,4.4,1.522,56.25,3.192,82.6875,98,98.15,109.1,1,0,1,1,0,1,1,1,0,NA,0,-3,23,2,12,785.304633661092,17.125,73.2155914306641,3.478,54.11,3.606,1
Rwanda-2018,Rwanda,2018,NA,NA,NA,0,1,NA,5.571429,1.521,63.392857,3.192,68.39286,NA,93.04,104.31,1,0,1,1,0,1,1,1,0,NA,0,-3,24,2,12,830.429341227361,17.211,73.2155914306641,3.478,52.9,3.609,1
Senegal-2000,Senegal,2000,Yes,No,No,NA,NA,NA,NA,NA,NA,NA,NA,NA,NA,NA,1,0,0,1,NA,1,1,1,0,NA,0,8,0,4,7,1066.6216449114,40.32,51.9004211425781,NA,NA,NA,NA
Senegal-2001,Senegal,2001,No,Yes,No,0,1,NA,NA,3.653,NA,2.921,NA,NA,67.26,40.99,1,0,0,1,1,1,1,1,0,NA,0,8,1,4,7,1086.17631418466,40.464,51.9004211425781,2.612,14,2.272,1
Senegal-2007,Senegal,2007,No,No,No,1,1,NA,NA,3.402,NA,2.921,NA,NA,70.62,55.11,0,0,1,1,0,1,1,1,0,NA,0,7,7,4,5,1132.00668175676,42.535,51.9004211425781,2.864,19,2.838,1
Senegal-2012,Senegal,2012,Yes,No,No,1,1,NA,NA,3.721,NA,2.921,NA,NA,57.12,44.83,0,0,1,1,1,1,1,1,0,NA,0,7,12,4,5,1146.17806362529,44.603,51.9004211425781,2.99,26.19,1.948,1
Senegal-2017,Senegal,2017,NA,NA,NA,0,1,NA,5,3.602,50,2.615,54.791668,53,53.66,43.94,0,0,1,1,0,1,1,1,1,0,0,7,17,4,4,1316.84468769724,46.74,51.9004211425781,2.99,26.72,2.723,1
Senegal-2019,Senegal,2019,NA,NA,NA,1,0,NA,NA,3.827,NA,2.615,NA,NA,66.27,54.87,1,0,1,1,1,1,1,1,0,NA,NA,NA,NA,NA,6,1381.60179276297,47.653,51.9004211425781,2.99,25.81,3.227,1
Seychelles-2001,Seychelles,2001,NA,NA,NA,1,0,NA,NA,2.512,NA,2.517,NA,NA,93.25,97.85,0,0,1,1,1,1,1,1,1,0,NA,NA,NA,NA,6,10688.7326089927,50.646,91.8364562988281,9.9,20.8,3.153,1
Seychelles-2002,Seychelles,2002,NA,NA,NA,0,1,NA,NA,2.512,NA,2.517,NA,NA,84.52,98.12,0,0,0,1,1,1,1,1,0,NA,NA,NA,NA,NA,6,10492.6148302017,50.876,91.8364562988281,9.956,26.75,3.151,0
Seychelles-2006,Seychelles,2006,NA,NA,NA,1,0,NA,NA,2.665,NA,2.517,NA,NA,88.69,97.08,0,NA,0,1,1,1,1,1,NA,NA,NA,NA,NA,NA,6,11322.4146604222,51.969,91.8364562988281,10.181,33,3.096,1
Seychelles-2007,Seychelles,2007,NA,NA,NA,0,1,NA,NA,2.665,NA,2.517,NA,NA,85.9,93.49,1,0,0,1,1,1,1,1,0,NA,NA,NA,NA,NA,6,12438.7090287296,52.285,91.8364562988281,10.237,15.5,3.096,0
Seychelles-2011,Seychelles,2011,NA,NA,NA,1,1,NA,NA,2.669,NA,2.868,NA,NA,85.26,92.6,1,0,1,1,1,1,1,1,0,NA,NA,NA,NA,NA,6,13380.9551673594,53.72,91.8364562988281,10.405,NA,2.972,1
Seychelles-2015,Seychelles,2015,NA,NA,NA,1,0,NA,NA,3.09,NA,2.868,NA,NA,90.06,91.4,1,0,0,1,1,1,1,1,0,NA,NA,NA,NA,NA,6,14745.3414620288,55.4,91.8364562988281,10.405,30.6,3.068,0
Seychelles-2016,Seychelles,2016,NA,NA,NA,0,1,NA,NA,3.127,NA,3.088,NA,NA,87.6,89,1,0,0,1,0,1,1,1,NA,NA,NA,NA,NA,NA,6,15213.2509905194,55.831,91.8364562988281,10.405,NA,3.068,1
Seychelles-2020,Seychelles,2020,NA,NA,NA,1,1,NA,NA,3.738,NA,3.592,NA,NA,88.45,88.83,0,1,0,1,0,1,1,1,0,NA,NA,NA,NA,NA,5,14079.1612738439,57.546,91.8364562988281,10.405,28.66,3.545,1
Sierra Leone-2002,Sierra Leone,2002,No,No,No,1,1,NA,NA,3.28,NA,2.418,NA,NA,81.43,75.56,0,1,0,1,1,1,1,1,0,NA,0,5,0,3,8,440.561176150426,36.109,43.2063293457031,3.702,23.5,3.295,1
Sierra Leone-2007,Sierra Leone,2007,No,No,No,1,1,NA,NA,2.651,NA,1.765,NA,NA,76.31,72.06,0,1,1,1,1,1,1,1,0,NA,0,7,5,4,6,500.928234936043,37.689,43.2063293457031,3.882,27.75,2.571,1
Sierra Leone-2012,Sierra Leone,2012,No,No,No,1,1,NA,NA,2.671,71.875,1.765,63.4375,87.3,91.05,88.25,0,0,0,1,1,1,1,1,0,NA,0,7,10,4,5,627.115941385395,39.642,43.2063293457031,3.99,26.35,2.562,1
Sierra Leone-2018,Sierra Leone,2018,NA,NA,NA,1,1,NA,6.6666665,2.864,66.666664,1.821,40.104168,81.11,84.2,81.5,0,1,0,1,1,1,1,1,1,1,0,7,16,4,6,630.482455396876,42.055,43.2063293457031,3.99,29.98,2.638,1
Somalia-2009,Somalia,2009,Yes,No,No,NA,NA,NA,NA,NA,NA,NA,NA,NA,NA,NA,NA,NA,NA,NA,NA,NA,NA,NA,NA,NA,3,0,0,NA,14,NA,37.645,NA,NA,66,NA,NA
Somalia-2017,Somalia,2017,NA,NA,NA,1,0,NA,NA,1.33,NA,0.431,NA,NA,NA,NA,NA,NA,NA,NA,NA,NA,NA,NA,NA,NA,1,5,5,0,14,406.427231255181,44.391,NA,1.636,65.95,2.359,NA
South Africa-2004,South Africa,2004,No,Yes,No,0,1,NA,NA,3.797,NA,3.554,NA,NA,76.73,56.77,1,0,0,1,0,1,1,1,0,NA,0,9,10,4,3,5373.80695103202,58.993,92.8948593139648,7.616,6.5,2.853,1
South Africa-2009,South Africa,2009,No,Yes,No,0,1,NA,NA,3.766,NA,3.554,NA,NA,77.3,56.57,1,0,0,1,0,1,1,1,0,NA,0,9,15,4,4,5992.02728259253,61.687,92.8948593139648,7.836,12,2.625,1
South Africa-2014,South Africa,2014,NA,NA,NA,0,1,6.44568,7.5,3.708,70.703125,3.42,72.91016,73.6,73.48,53.77,0,0,1,1,1,1,1,1,1,1,0,9,20,4,4,6273.56631828484,64.312,94.1399002075195,7.88,22.06,2.623,1
South Africa-2019,South Africa,2019,NA,NA,NA,0,1,NA,NA,3.382,NA,3.407,NA,NA,66.05,47.28,0,0,0,1,0,1,1,1,0,NA,NA,NA,NA,NA,4,6125.73532475494,66.856,95.0229721069336,7.88,22.19,2.865,1
Sudan-2000,Sudan,2000,No,No,No,NA,NA,NA,NA,NA,NA,NA,NA,NA,NA,NA,1,1,1,1,0,1,1,1,0,NA,2,-6,1,2,14,1123.55273055958,32.495,61.3458709716797,NA,NA,NA,NA
Sudan-2010,Sudan,2010,No,No,No,1,1,NA,NA,1.476,NA,0.801,NA,NA,72,64.11,1,1,1,1,1,1,1,1,1,1,0,-2,5,3,14,1344.17128830365,33.089,61.3458709716797,NA,NA,1.288,1
Sudan-2015,Sudan,2015,NA,NA,NA,1,1,NA,3.6666667,1.888,42.875,1.468,58.8125,43,46.4,30.97,0,1,1,1,0,1,1,1,1,1,NA,NA,NA,NA,14,1329.63596169544,33.894,61.3458709716797,NA,72.53,2.004,1
Swaziland-2003,Swaziland,2003,No,Yes,No,0,1,NA,NA,0.897,NA,0.7,NA,NA,NA,NA,0,0,0,1,0,1,0,1,0,NA,0,-7,11,2,NA,NA,NA,NA,7.274,31,3.338,1
Swaziland-2008,Swaziland,2008,No,Yes,No,0,1,NA,NA,1.078,NA,1.297,NA,NA,NA,NA,0,1,0,1,1,1,0,1,1,1,0,-9,35,1,NA,NA,NA,NA,7.664,52.5,3.381,1
Swaziland-2013,Swaziland,2013,NA,NA,NA,0,1,NA,4.571429,1.157,49.107143,1.817,55.714287,25,NA,NA,0,0,1,1,1,1,0,1,0,NA,0,-9,40,1,NA,NA,NA,NA,7.82,46.76,3.442,1
Swaziland-2018,Swaziland,2018,NA,NA,NA,0,1,NA,3,1.253,38.4375,2.13,44.179688,NA,28.84,NA,0,0,1,1,0,0,0,1,1,1,0,-9,45,1,NA,NA,NA,NA,7.82,51.46,3.177,1
Tanzania-2000,Tanzania,2000,No,No,No,NA,NA,NA,NA,NA,NA,NA,NA,NA,NA,NA,0,0,1,1,1,1,1,1,1,1,0,-1,5,2,8,567.540161550143,22.309,67.8006973266602,NA,NA,NA,NA
Tanzania-2005,Tanzania,2005,No,No,No,1,1,7.12407,NA,2.699,NA,2.278,NA,NA,72.23,68.02,1,0,0,1,0,1,1,1,0,NA,0,-1,10,2,7,692.477082632589,24.845,67.8006973266602,3.523,19.82,2.047,1
Tanzania-2010,Tanzania,2010,No,No,No,1,1,NA,NA,2.719,NA,2.35,NA,NA,42.84,40.71,1,0,0,1,1,1,1,1,0,NA,0,-1,15,2,6,808.140499593948,28.114,67.8006973266602,3.645,NA,2.331,1
Tanzania-2015,Tanzania,2015,NA,NA,NA,1,1,NA,5.357143,2.273,45.80357,2.35,39.732143,65,67.3,62.4,1,0,0,1,1,1,1,1,1,0,0,3,0,3,7,947.933351658407,31.617,77.8872299194336,3.645,28.65,2.135,1
Tanzania-2020,Tanzania,2020,NA,NA,NA,1,1,NA,NA,1.531,NA,2.511,NA,NA,50.72,51.19,0,0,1,1,0,1,1,1,1,1,NA,NA,NA,NA,10,1061.17034573431,35.227,77.8872299194336,3.645,40.25,1.464,0
Togo-2002,Togo,2002,No,Yes,No,0,1,NA,NA,1.265,NA,0.703,NA,NA,67.43,82.29,0,1,0,1,1,1,1,1,0,NA,0,-2,9,3,11,501.406487400046,33.809,63.7456207275391,4.269,27.5,1.744,1
Togo-2003,Togo,2003,Yes,No,No,1,0,NA,NA,1.168,NA,0.94,NA,NA,71.99,96.46,0,1,1,1,1,1,1,1,0,NA,0,-2,10,3,11,521.691865154924,34.265,63.7456207275391,4.349,19.5,1.641,1
Togo-2005,Togo,2005,Yes,No,No,1,0,NA,NA,1.343,NA,0.891,NA,NA,63.58,88.36,1,0,1,1,1,1,1,1,0,NA,0,-4,12,3,11,467.818848098423,35.185,63.7456207275391,4.509,15,0.044,1
Togo-2007,Togo,2007,No,Yes,No,0,1,NA,NA,2.858,NA,1.058,NA,NA,84.92,90.97,0,0,0,1,1,1,1,1,0,NA,0,-4,14,3,10,449.826918078448,36.116,63.7456207275391,4.668,10,2.158,1
Togo-2010,Togo,2010,Yes,No,No,1,0,NA,NA,2.218,NA,1.181,NA,NA,64.68,65.79,0,0,0,1,1,0,0,0,1,1,0,-2,17,3,9,483.236099457967,37.533,63.7456207275391,4.907,NA,1.306,1
Togo-2013,Togo,2013,NA,NA,NA,0,1,NA,3.5,2.358,47.578125,1.581,39.84375,46.9,66.06,57.72,1,0,1,1,0,1,1,1,1,1,0,-2,20,3,8,536.729025460705,39.061,63.7456207275391,4.907,29,2.547,1
Togo-2015,Togo,2015,NA,NA,NA,1,0,NA,2.3333333,2.351,32.083332,1.523,32.864582,60.99,60.94,53.21,1,0,1,1,1,1,1,1,0,NA,0,-2,22,3,8,570.909967175308,40.1,63.7456207275391,4.907,30.31,2.705,1
Togo-2018,Togo,2018,NA,NA,NA,0,1,NA,NA,2.01,NA,1.351,NA,NA,59.25,42.66,NA,NA,1,1,0,1,1,1,NA,NA,0,-2,25,3,9,612.785751009321,41.702,63.7456207275391,4.907,30.23,2.232,1
Togo-2020,Togo,2020,NA,NA,NA,1,0,NA,NA,2.197,NA,1.595,NA,NA,92.28,74.27,0,0,1,1,0,1,1,1,0,NA,NA,NA,NA,NA,9,626.622055444436,42.8,63.7456207275391,4.907,29.33,2.277,1
Tunisia-2004,Tunisia,2004,No,No,No,1,1,NA,NA,0.673,NA,1.797,NA,NA,91.52,68,1,0,1,0,NA,1,1,1,0,NA,0,-4,11,3,11,3264.97810478798,64.95,74.2969970703125,5.741,57.5,3.579,0
Tunisia-2005,Tunisia,2005,No,Yes,No,NA,NA,NA,NA,NA,NA,NA,NA,NA,NA,NA,NA,NA,NA,NA,NA,NA,NA,NA,NA,NA,0,-4,18,3,11,3350.56372632122,65.237,79.6539077758789,NA,53.75,NA,NA
Tunisia-2009,Tunisia,2009,No,No,No,1,1,NA,NA,0.317,NA,1.797,NA,NA,89.45,64.84,1,0,1,1,0,1,1,1,0,NA,0,-4,22,3,12,3880.84655641136,66.376,79.6539077758789,6.232,72.5,3.546,1
Tunisia-2011,Tunisia,2011,NA,NA,NA,0,1,6.14681,NA,3.36,NA,3.422,NA,NA,92.24,53.9,0,0,1,1,1,1,1,1,1,0,0,4,0,NA,7,3870.75792032612,66.938,79.6539077758789,6.331,NA,3.778,1
Tunisia-2014,Tunisia,2014,NA,NA,NA,1,1,6.14479,7.6923075,3.455,70.50481,3.679,80.60096,70.4,67.43,45.39,0,0,0,0,NA,1,1,1,0,NA,0,7,0,4,4,4097.07321474911,67.772,79.0364303588867,6.331,38.68,3.728,1
Tunisia-2019,Tunisia,2019,NA,NA,NA,1,1,NA,NA,3.337,NA,3.689,NA,NA,55.02,47.35,0,0,0,1,1,1,1,1,0,NA,NA,NA,NA,NA,5,4206.95402530806,69.254,79.0364303588867,6.331,29.61,3.896,1
Uganda-2001,Uganda,2001,Yes,Yes,Yes,1,1,NA,NA,1.201,NA,1.852,NA,NA,70.31,74.23,1,0,1,1,1,1,NA,1,0,NA,0,-4,8,2,11,527.053884081125,15.201,71.3731384277344,3.451,17,1.925,1
Uganda-2006,Uganda,2006,No,No,No,1,1,NA,NA,1.298,NA,1.601,NA,NA,69.19,61.17,1,0,1,1,1,1,1,1,0,NA,0,-1,1,3,9,655.335154049684,17.425,71.3731384277344,4.056,28,2.187,1
Uganda-2011,Uganda,2011,No,No,No,1,1,5.37875,NA,1.432,NA,1.429,NA,NA,59.29,55.32,0,1,1,1,1,1,1,1,1,1,0,-1,6,3,9,813.535138797329,19.898,71.3731384277344,4.54,NA,2.098,1
Uganda-2016,Uganda,2016,NA,NA,NA,1,1,5.21612,3.4166667,1.084,40.625,1.193,41.145832,60.5,67.61,60.37,0,0,1,1,1,1,1,1,1,1,0,-1,11,3,11,855.897175930047,22.624,71.3731384277344,4.54,NA,1.952,1
Uganda-2021,Uganda,2021,NA,NA,NA,1,1,NA,NA,0.948,NA,2.084,NA,NA,55.23,49.77,NA,NA,NA,NA,NA,NA,NA,NA,NA,NA,NA,NA,NA,NA,NA,NA,NA,71.3731384277344,4.54,41.19,1.516,1
Zambia-2001,Zambia,2001,No,No,No,1,1,NA,NA,2.367,NA,1.658,NA,NA,67.81,35.08,1,0,1,1,1,1,1,1,1,1,0,5,0,3,9,793.804886959221,35.002,NA,5.985,26.8,1.98,1
Zambia-2006,Zambia,2006,No,No,No,1,1,NA,NA,2.653,NA,1.575,NA,NA,70.77,55.75,1,0,0,1,1,1,1,1,1,1,0,5,5,3,7,965.065570673397,37.395,NA,6.19,21.5,2.489,1
Zambia-2008,Zambia,2008,Yes,No,No,1,0,3.87177,NA,2.743,NA,1.575,NA,NA,45.43,34.18,1,0,0,1,1,1,1,1,1,1,0,7,7,4,6,1067.75523751517,38.371,NA,6.272,26.75,2.496,1
Zambia-2011,Zambia,2011,No,No,No,1,1,7.80222,NA,2.671,NA,1.674,NA,NA,53.65,42.25,0,0,1,1,1,1,1,1,1,0,0,7,10,4,7,1244.13778662386,39.851,NA,6.354,NA,2.484,1
Zambia-2012,Zambia,2012,No,No,No,NA,NA,NA,NA,NA,NA,NA,NA,NA,NA,NA,NA,NA,NA,NA,NA,NA,NA,NA,NA,NA,0,7,11,4,7,1297.76259681946,40.354,NA,NA,27.93,NA,NA
Zambia-2015,Zambia,2015,NA,NA,NA,1,0,NA,5.7777777,2.263,49.6875,1.699,54.72222,32.36,32.36,24.17,0,0,0,1,1,1,1,1,0,NA,0,7,14,4,7,1338.29092708188,41.907,NA,6.354,35.08,2.744,1
Zambia-2016,Zambia,2016,NA,NA,NA,1,1,5.3512,4.75,1.908,56.510418,1.57,32.8125,55.2,56.45,51.58,1,0,0,1,1,1,1,1,1,1,0,6,15,3,8,1347.74808611214,42.438,NA,6.354,NA,2.189,1
Zambia-2021,Zambia,2021,NA,NA,NA,1,1,NA,NA,2.777,NA,1.565,NA,NA,70.61,52.37,NA,NA,NA,NA,NA,NA,NA,NA,NA,NA,NA,NA,NA,NA,NA,NA,NA,NA,6.354,38.21,0.952,1
Zimbabwe-2000,Zimbabwe,2000,No,Yes,No,NA,NA,NA,NA,NA,NA,NA,NA,NA,NA,NA,0,0,1,1,1,1,1,1,1,1,0,-3,1,3,11,1696.75326246938,33.758,NA,NA,NA,NA,NA
Zimbabwe-2002,Zimbabwe,2002,Yes,No,No,1,0,NA,NA,0.683,NA,1.885,NA,NA,54.33,54.25,0,1,1,1,1,1,1,1,1,1,0,-4,3,3,12,1558.54688597736,34.585,NA,7.395,45.5,1.503,1
Zimbabwe-2005,Zimbabwe,2005,No,Yes,No,0,1,3.08357,NA,0.788,NA,0.684,NA,NA,47.66,48.66,0,0,0,1,0,1,1,1,0,NA,0,-4,6,3,13,1137.30318034404,34.11,NA,7.591,50,1.579,1
Zimbabwe-2008,Zimbabwe,2008,No,No,No,1,1,4.10111,NA,0.361,NA,1.032,NA,NA,42.8,47.69,0,1,1,1,0,1,1,1,0,NA,0,-4,9,3,13,849.611584122708,33.56,NA,7.787,46.5,0.357,1
Zimbabwe-2013,Zimbabwe,2013,NA,NA,NA,1,1,NA,3.6923077,1.911,32.403847,1.556,49.423077,57.494,54.38,61.09,1,0,1,1,0,1,1,1,0,NA,0,4,0,3,11,1435.06266340408,32.654,NA,7.918,39.19,2.353,1
Zimbabwe-2018,Zimbabwe,2018,NA,NA,NA,1,1,NA,4.1,1.136,42.5,0.908,33.65625,NA,85.16,63.4,0,1,1,1,1,1,1,1,1,1,0,4,5,3,10,1529.0263737276,32.209,NA,7.918,40.53,2.446,1
